/*
 Navicat Premium Data Transfer

 Source Server         : postgres15
 Source Server Type    : PostgreSQL
 Source Server Version : 150013 (150013)
 Source Host           : localhost:5444
 Source Catalog        : modular_db
 Source Schema         : public

 Target Server Type    : PostgreSQL
 Target Server Version : 150013 (150013)
 File Encoding         : 65001

 Date: 04/07/2025 01:05:29
*/


-- ----------------------------
-- Sequence structure for auth_group_id_seq
-- ----------------------------
DROP SEQUENCE IF EXISTS "public"."auth_group_id_seq";
CREATE SEQUENCE "public"."auth_group_id_seq" 
INCREMENT 1
MINVALUE  1
MAXVALUE 2147483647
START 1
CACHE 1;

-- ----------------------------
-- Sequence structure for auth_group_permissions_id_seq
-- ----------------------------
DROP SEQUENCE IF EXISTS "public"."auth_group_permissions_id_seq";
CREATE SEQUENCE "public"."auth_group_permissions_id_seq" 
INCREMENT 1
MINVALUE  1
MAXVALUE 9223372036854775807
START 1
CACHE 1;

-- ----------------------------
-- Sequence structure for auth_permission_id_seq
-- ----------------------------
DROP SEQUENCE IF EXISTS "public"."auth_permission_id_seq";
CREATE SEQUENCE "public"."auth_permission_id_seq" 
INCREMENT 1
MINVALUE  1
MAXVALUE 2147483647
START 1
CACHE 1;

-- ----------------------------
-- Sequence structure for auth_user_groups_id_seq
-- ----------------------------
DROP SEQUENCE IF EXISTS "public"."auth_user_groups_id_seq";
CREATE SEQUENCE "public"."auth_user_groups_id_seq" 
INCREMENT 1
MINVALUE  1
MAXVALUE 9223372036854775807
START 1
CACHE 1;

-- ----------------------------
-- Sequence structure for auth_user_id_seq
-- ----------------------------
DROP SEQUENCE IF EXISTS "public"."auth_user_id_seq";
CREATE SEQUENCE "public"."auth_user_id_seq" 
INCREMENT 1
MINVALUE  1
MAXVALUE 2147483647
START 1
CACHE 1;

-- ----------------------------
-- Sequence structure for auth_user_user_permissions_id_seq
-- ----------------------------
DROP SEQUENCE IF EXISTS "public"."auth_user_user_permissions_id_seq";
CREATE SEQUENCE "public"."auth_user_user_permissions_id_seq" 
INCREMENT 1
MINVALUE  1
MAXVALUE 9223372036854775807
START 1
CACHE 1;

-- ----------------------------
-- Sequence structure for django_admin_log_id_seq
-- ----------------------------
DROP SEQUENCE IF EXISTS "public"."django_admin_log_id_seq";
CREATE SEQUENCE "public"."django_admin_log_id_seq" 
INCREMENT 1
MINVALUE  1
MAXVALUE 2147483647
START 1
CACHE 1;

-- ----------------------------
-- Sequence structure for django_content_type_id_seq
-- ----------------------------
DROP SEQUENCE IF EXISTS "public"."django_content_type_id_seq";
CREATE SEQUENCE "public"."django_content_type_id_seq" 
INCREMENT 1
MINVALUE  1
MAXVALUE 2147483647
START 1
CACHE 1;

-- ----------------------------
-- Sequence structure for django_migrations_id_seq
-- ----------------------------
DROP SEQUENCE IF EXISTS "public"."django_migrations_id_seq";
CREATE SEQUENCE "public"."django_migrations_id_seq" 
INCREMENT 1
MINVALUE  1
MAXVALUE 9223372036854775807
START 1
CACHE 1;

-- ----------------------------
-- Sequence structure for engine_module_installedmodule_id_seq
-- ----------------------------
DROP SEQUENCE IF EXISTS "public"."engine_module_installedmodule_id_seq";
CREATE SEQUENCE "public"."engine_module_installedmodule_id_seq" 
INCREMENT 1
MINVALUE  1
MAXVALUE 9223372036854775807
START 1
CACHE 1;

-- ----------------------------
-- Sequence structure for product_module_product_id_seq
-- ----------------------------
DROP SEQUENCE IF EXISTS "public"."product_module_product_id_seq";
CREATE SEQUENCE "public"."product_module_product_id_seq" 
INCREMENT 1
MINVALUE  1
MAXVALUE 9223372036854775807
START 1
CACHE 1;

-- ----------------------------
-- Sequence structure for test_module_product_id_seq
-- ----------------------------
DROP SEQUENCE IF EXISTS "public"."test_module_product_id_seq";
CREATE SEQUENCE "public"."test_module_product_id_seq" 
INCREMENT 1
MINVALUE  1
MAXVALUE 9223372036854775807
START 1
CACHE 1;

-- ----------------------------
-- Table structure for auth_group
-- ----------------------------
DROP TABLE IF EXISTS "public"."auth_group";
CREATE TABLE "public"."auth_group" (
  "id" int4 NOT NULL GENERATED BY DEFAULT AS IDENTITY (
INCREMENT 1
MINVALUE  1
MAXVALUE 2147483647
START 1
CACHE 1
),
  "name" varchar(150) COLLATE "pg_catalog"."default" NOT NULL
)
;

-- ----------------------------
-- Records of auth_group
-- ----------------------------

-- ----------------------------
-- Table structure for auth_group_permissions
-- ----------------------------
DROP TABLE IF EXISTS "public"."auth_group_permissions";
CREATE TABLE "public"."auth_group_permissions" (
  "id" int8 NOT NULL GENERATED BY DEFAULT AS IDENTITY (
INCREMENT 1
MINVALUE  1
MAXVALUE 9223372036854775807
START 1
CACHE 1
),
  "group_id" int4 NOT NULL,
  "permission_id" int4 NOT NULL
)
;

-- ----------------------------
-- Records of auth_group_permissions
-- ----------------------------

-- ----------------------------
-- Table structure for auth_permission
-- ----------------------------
DROP TABLE IF EXISTS "public"."auth_permission";
CREATE TABLE "public"."auth_permission" (
  "id" int4 NOT NULL GENERATED BY DEFAULT AS IDENTITY (
INCREMENT 1
MINVALUE  1
MAXVALUE 2147483647
START 1
CACHE 1
),
  "name" varchar(255) COLLATE "pg_catalog"."default" NOT NULL,
  "content_type_id" int4 NOT NULL,
  "codename" varchar(100) COLLATE "pg_catalog"."default" NOT NULL
)
;

-- ----------------------------
-- Records of auth_permission
-- ----------------------------
INSERT INTO "public"."auth_permission" VALUES (1, 'Can add log entry', 1, 'add_logentry');
INSERT INTO "public"."auth_permission" VALUES (2, 'Can change log entry', 1, 'change_logentry');
INSERT INTO "public"."auth_permission" VALUES (3, 'Can delete log entry', 1, 'delete_logentry');
INSERT INTO "public"."auth_permission" VALUES (4, 'Can view log entry', 1, 'view_logentry');
INSERT INTO "public"."auth_permission" VALUES (5, 'Can add permission', 2, 'add_permission');
INSERT INTO "public"."auth_permission" VALUES (6, 'Can change permission', 2, 'change_permission');
INSERT INTO "public"."auth_permission" VALUES (7, 'Can delete permission', 2, 'delete_permission');
INSERT INTO "public"."auth_permission" VALUES (8, 'Can view permission', 2, 'view_permission');
INSERT INTO "public"."auth_permission" VALUES (9, 'Can add group', 3, 'add_group');
INSERT INTO "public"."auth_permission" VALUES (10, 'Can change group', 3, 'change_group');
INSERT INTO "public"."auth_permission" VALUES (11, 'Can delete group', 3, 'delete_group');
INSERT INTO "public"."auth_permission" VALUES (12, 'Can view group', 3, 'view_group');
INSERT INTO "public"."auth_permission" VALUES (13, 'Can add user', 4, 'add_user');
INSERT INTO "public"."auth_permission" VALUES (14, 'Can change user', 4, 'change_user');
INSERT INTO "public"."auth_permission" VALUES (15, 'Can delete user', 4, 'delete_user');
INSERT INTO "public"."auth_permission" VALUES (16, 'Can view user', 4, 'view_user');
INSERT INTO "public"."auth_permission" VALUES (17, 'Can add content type', 5, 'add_contenttype');
INSERT INTO "public"."auth_permission" VALUES (18, 'Can change content type', 5, 'change_contenttype');
INSERT INTO "public"."auth_permission" VALUES (19, 'Can delete content type', 5, 'delete_contenttype');
INSERT INTO "public"."auth_permission" VALUES (20, 'Can view content type', 5, 'view_contenttype');
INSERT INTO "public"."auth_permission" VALUES (21, 'Can add session', 6, 'add_session');
INSERT INTO "public"."auth_permission" VALUES (22, 'Can change session', 6, 'change_session');
INSERT INTO "public"."auth_permission" VALUES (23, 'Can delete session', 6, 'delete_session');
INSERT INTO "public"."auth_permission" VALUES (24, 'Can view session', 6, 'view_session');
INSERT INTO "public"."auth_permission" VALUES (25, 'Can add installed module', 7, 'add_installedmodule');
INSERT INTO "public"."auth_permission" VALUES (26, 'Can change installed module', 7, 'change_installedmodule');
INSERT INTO "public"."auth_permission" VALUES (27, 'Can delete installed module', 7, 'delete_installedmodule');
INSERT INTO "public"."auth_permission" VALUES (28, 'Can view installed module', 7, 'view_installedmodule');
INSERT INTO "public"."auth_permission" VALUES (29, 'Can add product', 8, 'add_product');
INSERT INTO "public"."auth_permission" VALUES (30, 'Can change product', 8, 'change_product');
INSERT INTO "public"."auth_permission" VALUES (31, 'Can delete product', 8, 'delete_product');
INSERT INTO "public"."auth_permission" VALUES (32, 'Can view product', 8, 'view_product');
INSERT INTO "public"."auth_permission" VALUES (33, 'Can add product', 9, 'add_product');
INSERT INTO "public"."auth_permission" VALUES (34, 'Can change product', 9, 'change_product');
INSERT INTO "public"."auth_permission" VALUES (35, 'Can delete product', 9, 'delete_product');
INSERT INTO "public"."auth_permission" VALUES (36, 'Can view product', 9, 'view_product');

-- ----------------------------
-- Table structure for auth_user
-- ----------------------------
DROP TABLE IF EXISTS "public"."auth_user";
CREATE TABLE "public"."auth_user" (
  "id" int4 NOT NULL GENERATED BY DEFAULT AS IDENTITY (
INCREMENT 1
MINVALUE  1
MAXVALUE 2147483647
START 1
CACHE 1
),
  "password" varchar(128) COLLATE "pg_catalog"."default" NOT NULL,
  "last_login" timestamptz(6),
  "is_superuser" bool NOT NULL,
  "username" varchar(150) COLLATE "pg_catalog"."default" NOT NULL,
  "first_name" varchar(150) COLLATE "pg_catalog"."default" NOT NULL,
  "last_name" varchar(150) COLLATE "pg_catalog"."default" NOT NULL,
  "email" varchar(254) COLLATE "pg_catalog"."default" NOT NULL,
  "is_staff" bool NOT NULL,
  "is_active" bool NOT NULL,
  "date_joined" timestamptz(6) NOT NULL
)
;

-- ----------------------------
-- Records of auth_user
-- ----------------------------
INSERT INTO "public"."auth_user" VALUES (1, 'pbkdf2_sha256$600000$NB1x2DecdU3IhQLZmGR1vK$wIdIqdAURqpPg2WP2ikkPEUKDnBcDDV3xeL80hLz4Fs=', '2025-07-03 17:18:59.22124+00', 't', 'admin', '', '', 'admin@example.com', 't', 't', '2025-07-02 16:10:24.021218+00');
INSERT INTO "public"."auth_user" VALUES (2, 'pbkdf2_sha256$600000$Sw6oygJksdJSisSGmSwcHe$2X8FrWrcWw2Gv8IZc4Pdp07UOYsnNyO9Kj4TKfda+iU=', NULL, 'f', 'manager', 'manager', 'manager', 'manager@example.com', 't', 't', '2025-07-03 17:19:38+00');

-- ----------------------------
-- Table structure for auth_user_groups
-- ----------------------------
DROP TABLE IF EXISTS "public"."auth_user_groups";
CREATE TABLE "public"."auth_user_groups" (
  "id" int8 NOT NULL GENERATED BY DEFAULT AS IDENTITY (
INCREMENT 1
MINVALUE  1
MAXVALUE 9223372036854775807
START 1
CACHE 1
),
  "user_id" int4 NOT NULL,
  "group_id" int4 NOT NULL
)
;

-- ----------------------------
-- Records of auth_user_groups
-- ----------------------------

-- ----------------------------
-- Table structure for auth_user_user_permissions
-- ----------------------------
DROP TABLE IF EXISTS "public"."auth_user_user_permissions";
CREATE TABLE "public"."auth_user_user_permissions" (
  "id" int8 NOT NULL GENERATED BY DEFAULT AS IDENTITY (
INCREMENT 1
MINVALUE  1
MAXVALUE 9223372036854775807
START 1
CACHE 1
),
  "user_id" int4 NOT NULL,
  "permission_id" int4 NOT NULL
)
;

-- ----------------------------
-- Records of auth_user_user_permissions
-- ----------------------------

-- ----------------------------
-- Table structure for django_admin_log
-- ----------------------------
DROP TABLE IF EXISTS "public"."django_admin_log";
CREATE TABLE "public"."django_admin_log" (
  "id" int4 NOT NULL GENERATED BY DEFAULT AS IDENTITY (
INCREMENT 1
MINVALUE  1
MAXVALUE 2147483647
START 1
CACHE 1
),
  "action_time" timestamptz(6) NOT NULL,
  "object_id" text COLLATE "pg_catalog"."default",
  "object_repr" varchar(200) COLLATE "pg_catalog"."default" NOT NULL,
  "action_flag" int2 NOT NULL,
  "change_message" text COLLATE "pg_catalog"."default" NOT NULL,
  "content_type_id" int4,
  "user_id" int4 NOT NULL
)
;

-- ----------------------------
-- Records of django_admin_log
-- ----------------------------
INSERT INTO "public"."django_admin_log" VALUES (1, '2025-07-03 17:19:39.644022+00', '2', 'manager', 1, '[{"added": {}}]', 4, 1);
INSERT INTO "public"."django_admin_log" VALUES (2, '2025-07-03 17:21:52.315264+00', '2', 'manager', 2, '[{"changed": {"fields": ["First name", "Last name", "Email address", "Staff status"]}}]', 4, 1);

-- ----------------------------
-- Table structure for django_content_type
-- ----------------------------
DROP TABLE IF EXISTS "public"."django_content_type";
CREATE TABLE "public"."django_content_type" (
  "id" int4 NOT NULL GENERATED BY DEFAULT AS IDENTITY (
INCREMENT 1
MINVALUE  1
MAXVALUE 2147483647
START 1
CACHE 1
),
  "app_label" varchar(100) COLLATE "pg_catalog"."default" NOT NULL,
  "model" varchar(100) COLLATE "pg_catalog"."default" NOT NULL
)
;

-- ----------------------------
-- Records of django_content_type
-- ----------------------------
INSERT INTO "public"."django_content_type" VALUES (1, 'admin', 'logentry');
INSERT INTO "public"."django_content_type" VALUES (2, 'auth', 'permission');
INSERT INTO "public"."django_content_type" VALUES (3, 'auth', 'group');
INSERT INTO "public"."django_content_type" VALUES (4, 'auth', 'user');
INSERT INTO "public"."django_content_type" VALUES (5, 'contenttypes', 'contenttype');
INSERT INTO "public"."django_content_type" VALUES (6, 'sessions', 'session');
INSERT INTO "public"."django_content_type" VALUES (7, 'engine_module', 'installedmodule');
INSERT INTO "public"."django_content_type" VALUES (8, 'product_module', 'product');
INSERT INTO "public"."django_content_type" VALUES (9, 'test_module', 'product');

-- ----------------------------
-- Table structure for django_migrations
-- ----------------------------
DROP TABLE IF EXISTS "public"."django_migrations";
CREATE TABLE "public"."django_migrations" (
  "id" int8 NOT NULL GENERATED BY DEFAULT AS IDENTITY (
INCREMENT 1
MINVALUE  1
MAXVALUE 9223372036854775807
START 1
CACHE 1
),
  "app" varchar(255) COLLATE "pg_catalog"."default" NOT NULL,
  "name" varchar(255) COLLATE "pg_catalog"."default" NOT NULL,
  "applied" timestamptz(6) NOT NULL
)
;

-- ----------------------------
-- Records of django_migrations
-- ----------------------------
INSERT INTO "public"."django_migrations" VALUES (1, 'contenttypes', '0001_initial', '2025-07-02 16:09:00.564633+00');
INSERT INTO "public"."django_migrations" VALUES (2, 'auth', '0001_initial', '2025-07-02 16:09:01.050651+00');
INSERT INTO "public"."django_migrations" VALUES (3, 'admin', '0001_initial', '2025-07-02 16:09:01.182586+00');
INSERT INTO "public"."django_migrations" VALUES (4, 'admin', '0002_logentry_remove_auto_add', '2025-07-02 16:09:01.202586+00');
INSERT INTO "public"."django_migrations" VALUES (5, 'admin', '0003_logentry_add_action_flag_choices', '2025-07-02 16:09:01.225877+00');
INSERT INTO "public"."django_migrations" VALUES (6, 'contenttypes', '0002_remove_content_type_name', '2025-07-02 16:09:01.26392+00');
INSERT INTO "public"."django_migrations" VALUES (7, 'auth', '0002_alter_permission_name_max_length', '2025-07-02 16:09:01.326943+00');
INSERT INTO "public"."django_migrations" VALUES (8, 'auth', '0003_alter_user_email_max_length', '2025-07-02 16:09:01.363542+00');
INSERT INTO "public"."django_migrations" VALUES (9, 'auth', '0004_alter_user_username_opts', '2025-07-02 16:09:01.397392+00');
INSERT INTO "public"."django_migrations" VALUES (10, 'auth', '0005_alter_user_last_login_null', '2025-07-02 16:09:01.447902+00');
INSERT INTO "public"."django_migrations" VALUES (11, 'auth', '0006_require_contenttypes_0002', '2025-07-02 16:09:01.479138+00');
INSERT INTO "public"."django_migrations" VALUES (12, 'auth', '0007_alter_validators_add_error_messages', '2025-07-02 16:09:01.509248+00');
INSERT INTO "public"."django_migrations" VALUES (13, 'auth', '0008_alter_user_username_max_length', '2025-07-02 16:09:01.562048+00');
INSERT INTO "public"."django_migrations" VALUES (14, 'auth', '0009_alter_user_last_name_max_length', '2025-07-02 16:09:01.597772+00');
INSERT INTO "public"."django_migrations" VALUES (15, 'auth', '0010_alter_group_name_max_length', '2025-07-02 16:09:01.631983+00');
INSERT INTO "public"."django_migrations" VALUES (16, 'auth', '0011_update_proxy_permissions', '2025-07-02 16:09:01.676681+00');
INSERT INTO "public"."django_migrations" VALUES (17, 'auth', '0012_alter_user_first_name_max_length', '2025-07-02 16:09:01.713245+00');
INSERT INTO "public"."django_migrations" VALUES (18, 'engine_module', '0001_initial', '2025-07-02 16:09:01.808849+00');
INSERT INTO "public"."django_migrations" VALUES (19, 'product_module', '0001_initial', '2025-07-02 16:09:02.025887+00');
INSERT INTO "public"."django_migrations" VALUES (20, 'sessions', '0001_initial', '2025-07-02 16:09:02.109852+00');
INSERT INTO "public"."django_migrations" VALUES (21, 'test_module', '0001_initial', '2025-07-03 16:09:08.239193+00');

-- ----------------------------
-- Table structure for django_session
-- ----------------------------
DROP TABLE IF EXISTS "public"."django_session";
CREATE TABLE "public"."django_session" (
  "session_key" varchar(40) COLLATE "pg_catalog"."default" NOT NULL,
  "session_data" text COLLATE "pg_catalog"."default" NOT NULL,
  "expire_date" timestamptz(6) NOT NULL
)
;

-- ----------------------------
-- Records of django_session
-- ----------------------------
INSERT INTO "public"."django_session" VALUES ('do4gpp89ao3gqawgxi90fmclt1svbc2n', '.eJxVjEEOwiAQRe_C2hCmlAIu3fcMhBkGWzU0Ke3KeHdL0oXufv57eW8R4r5NYa-8hjmJqwBx-f0w0pNLA-kRy32RtJRtnVE2RZ60ynFJ_Lqd7l9ginVq2Rw9ZGeJyFvjHXao2EQGcsAEPXPOaI5pSUPSGpPCw--9GqDDIYnPFwlwOLo:1uXNaN:JIKNPz9B1qBU7E2v6g3sJ28atJsVEM6aovlSfaqEG0I', '2025-07-17 17:18:59.232783+00');

-- ----------------------------
-- Table structure for engine_module_installedmodule
-- ----------------------------
DROP TABLE IF EXISTS "public"."engine_module_installedmodule";
CREATE TABLE "public"."engine_module_installedmodule" (
  "id" int8 NOT NULL GENERATED BY DEFAULT AS IDENTITY (
INCREMENT 1
MINVALUE  1
MAXVALUE 9223372036854775807
START 1
CACHE 1
),
  "name" varchar(100) COLLATE "pg_catalog"."default" NOT NULL,
  "version" int4 NOT NULL,
  "is_active" bool NOT NULL,
  "installed_at" timestamptz(6) NOT NULL,
  "last_updated" timestamptz(6) NOT NULL
)
;

-- ----------------------------
-- Records of engine_module_installedmodule
-- ----------------------------
INSERT INTO "public"."engine_module_installedmodule" VALUES (1, 'product_module', 5, 'f', '2025-07-02 18:00:45.047459+00', '2025-07-03 17:00:46.311144+00');

-- ----------------------------
-- Table structure for product_module_product
-- ----------------------------
DROP TABLE IF EXISTS "public"."product_module_product";
CREATE TABLE "public"."product_module_product" (
  "id" int8 NOT NULL GENERATED BY DEFAULT AS IDENTITY (
INCREMENT 1
MINVALUE  1
MAXVALUE 9223372036854775807
START 1
CACHE 1
),
  "name" varchar(100) COLLATE "pg_catalog"."default" NOT NULL,
  "barcode" varchar(50) COLLATE "pg_catalog"."default" NOT NULL,
  "price" numeric(10,2) NOT NULL,
  "stock" int4 NOT NULL,
  "created_at" timestamptz(6) NOT NULL,
  "updated_at" timestamptz(6) NOT NULL
)
;

-- ----------------------------
-- Records of product_module_product
-- ----------------------------

-- ----------------------------
-- Table structure for test_module_product
-- ----------------------------
DROP TABLE IF EXISTS "public"."test_module_product";
CREATE TABLE "public"."test_module_product" (
  "id" int8 NOT NULL GENERATED BY DEFAULT AS IDENTITY (
INCREMENT 1
MINVALUE  1
MAXVALUE 9223372036854775807
START 1
CACHE 1
),
  "name" varchar(100) COLLATE "pg_catalog"."default" NOT NULL,
  "barcode" varchar(50) COLLATE "pg_catalog"."default" NOT NULL,
  "price" numeric(10,2) NOT NULL,
  "stock" int4 NOT NULL,
  "created_at" timestamptz(6) NOT NULL,
  "updated_at" timestamptz(6) NOT NULL
)
;

-- ----------------------------
-- Records of test_module_product
-- ----------------------------

-- ----------------------------
-- Alter sequences owned by
-- ----------------------------
ALTER SEQUENCE "public"."auth_group_id_seq"
OWNED BY "public"."auth_group"."id";
SELECT setval('"public"."auth_group_id_seq"', 1, false);

-- ----------------------------
-- Alter sequences owned by
-- ----------------------------
ALTER SEQUENCE "public"."auth_group_permissions_id_seq"
OWNED BY "public"."auth_group_permissions"."id";
SELECT setval('"public"."auth_group_permissions_id_seq"', 1, false);

-- ----------------------------
-- Alter sequences owned by
-- ----------------------------
ALTER SEQUENCE "public"."auth_permission_id_seq"
OWNED BY "public"."auth_permission"."id";
SELECT setval('"public"."auth_permission_id_seq"', 36, true);

-- ----------------------------
-- Alter sequences owned by
-- ----------------------------
ALTER SEQUENCE "public"."auth_user_groups_id_seq"
OWNED BY "public"."auth_user_groups"."id";
SELECT setval('"public"."auth_user_groups_id_seq"', 1, false);

-- ----------------------------
-- Alter sequences owned by
-- ----------------------------
ALTER SEQUENCE "public"."auth_user_id_seq"
OWNED BY "public"."auth_user"."id";
SELECT setval('"public"."auth_user_id_seq"', 2, true);

-- ----------------------------
-- Alter sequences owned by
-- ----------------------------
ALTER SEQUENCE "public"."auth_user_user_permissions_id_seq"
OWNED BY "public"."auth_user_user_permissions"."id";
SELECT setval('"public"."auth_user_user_permissions_id_seq"', 1, false);

-- ----------------------------
-- Alter sequences owned by
-- ----------------------------
ALTER SEQUENCE "public"."django_admin_log_id_seq"
OWNED BY "public"."django_admin_log"."id";
SELECT setval('"public"."django_admin_log_id_seq"', 2, true);

-- ----------------------------
-- Alter sequences owned by
-- ----------------------------
ALTER SEQUENCE "public"."django_content_type_id_seq"
OWNED BY "public"."django_content_type"."id";
SELECT setval('"public"."django_content_type_id_seq"', 9, true);

-- ----------------------------
-- Alter sequences owned by
-- ----------------------------
ALTER SEQUENCE "public"."django_migrations_id_seq"
OWNED BY "public"."django_migrations"."id";
SELECT setval('"public"."django_migrations_id_seq"', 21, true);

-- ----------------------------
-- Alter sequences owned by
-- ----------------------------
ALTER SEQUENCE "public"."engine_module_installedmodule_id_seq"
OWNED BY "public"."engine_module_installedmodule"."id";
SELECT setval('"public"."engine_module_installedmodule_id_seq"', 3, true);

-- ----------------------------
-- Alter sequences owned by
-- ----------------------------
ALTER SEQUENCE "public"."product_module_product_id_seq"
OWNED BY "public"."product_module_product"."id";
SELECT setval('"public"."product_module_product_id_seq"', 21, true);

-- ----------------------------
-- Alter sequences owned by
-- ----------------------------
ALTER SEQUENCE "public"."test_module_product_id_seq"
OWNED BY "public"."test_module_product"."id";
SELECT setval('"public"."test_module_product_id_seq"', 1, false);

-- ----------------------------
-- Auto increment value for auth_group
-- ----------------------------
SELECT setval('"public"."auth_group_id_seq"', 1, false);

-- ----------------------------
-- Indexes structure for table auth_group
-- ----------------------------
CREATE INDEX "auth_group_name_a6ea08ec_like" ON "public"."auth_group" USING btree (
  "name" COLLATE "pg_catalog"."default" "pg_catalog"."varchar_pattern_ops" ASC NULLS LAST
);

-- ----------------------------
-- Uniques structure for table auth_group
-- ----------------------------
ALTER TABLE "public"."auth_group" ADD CONSTRAINT "auth_group_name_key" UNIQUE ("name");

-- ----------------------------
-- Primary Key structure for table auth_group
-- ----------------------------
ALTER TABLE "public"."auth_group" ADD CONSTRAINT "auth_group_pkey" PRIMARY KEY ("id");

-- ----------------------------
-- Auto increment value for auth_group_permissions
-- ----------------------------
SELECT setval('"public"."auth_group_permissions_id_seq"', 1, false);

-- ----------------------------
-- Indexes structure for table auth_group_permissions
-- ----------------------------
CREATE INDEX "auth_group_permissions_group_id_b120cbf9" ON "public"."auth_group_permissions" USING btree (
  "group_id" "pg_catalog"."int4_ops" ASC NULLS LAST
);
CREATE INDEX "auth_group_permissions_permission_id_84c5c92e" ON "public"."auth_group_permissions" USING btree (
  "permission_id" "pg_catalog"."int4_ops" ASC NULLS LAST
);

-- ----------------------------
-- Uniques structure for table auth_group_permissions
-- ----------------------------
ALTER TABLE "public"."auth_group_permissions" ADD CONSTRAINT "auth_group_permissions_group_id_permission_id_0cd325b0_uniq" UNIQUE ("group_id", "permission_id");

-- ----------------------------
-- Primary Key structure for table auth_group_permissions
-- ----------------------------
ALTER TABLE "public"."auth_group_permissions" ADD CONSTRAINT "auth_group_permissions_pkey" PRIMARY KEY ("id");

-- ----------------------------
-- Auto increment value for auth_permission
-- ----------------------------
SELECT setval('"public"."auth_permission_id_seq"', 36, true);

-- ----------------------------
-- Indexes structure for table auth_permission
-- ----------------------------
CREATE INDEX "auth_permission_content_type_id_2f476e4b" ON "public"."auth_permission" USING btree (
  "content_type_id" "pg_catalog"."int4_ops" ASC NULLS LAST
);

-- ----------------------------
-- Uniques structure for table auth_permission
-- ----------------------------
ALTER TABLE "public"."auth_permission" ADD CONSTRAINT "auth_permission_content_type_id_codename_01ab375a_uniq" UNIQUE ("content_type_id", "codename");

-- ----------------------------
-- Primary Key structure for table auth_permission
-- ----------------------------
ALTER TABLE "public"."auth_permission" ADD CONSTRAINT "auth_permission_pkey" PRIMARY KEY ("id");

-- ----------------------------
-- Auto increment value for auth_user
-- ----------------------------
SELECT setval('"public"."auth_user_id_seq"', 2, true);

-- ----------------------------
-- Indexes structure for table auth_user
-- ----------------------------
CREATE INDEX "auth_user_username_6821ab7c_like" ON "public"."auth_user" USING btree (
  "username" COLLATE "pg_catalog"."default" "pg_catalog"."varchar_pattern_ops" ASC NULLS LAST
);

-- ----------------------------
-- Uniques structure for table auth_user
-- ----------------------------
ALTER TABLE "public"."auth_user" ADD CONSTRAINT "auth_user_username_key" UNIQUE ("username");

-- ----------------------------
-- Primary Key structure for table auth_user
-- ----------------------------
ALTER TABLE "public"."auth_user" ADD CONSTRAINT "auth_user_pkey" PRIMARY KEY ("id");

-- ----------------------------
-- Auto increment value for auth_user_groups
-- ----------------------------
SELECT setval('"public"."auth_user_groups_id_seq"', 1, false);

-- ----------------------------
-- Indexes structure for table auth_user_groups
-- ----------------------------
CREATE INDEX "auth_user_groups_group_id_97559544" ON "public"."auth_user_groups" USING btree (
  "group_id" "pg_catalog"."int4_ops" ASC NULLS LAST
);
CREATE INDEX "auth_user_groups_user_id_6a12ed8b" ON "public"."auth_user_groups" USING btree (
  "user_id" "pg_catalog"."int4_ops" ASC NULLS LAST
);

-- ----------------------------
-- Uniques structure for table auth_user_groups
-- ----------------------------
ALTER TABLE "public"."auth_user_groups" ADD CONSTRAINT "auth_user_groups_user_id_group_id_94350c0c_uniq" UNIQUE ("user_id", "group_id");

-- ----------------------------
-- Primary Key structure for table auth_user_groups
-- ----------------------------
ALTER TABLE "public"."auth_user_groups" ADD CONSTRAINT "auth_user_groups_pkey" PRIMARY KEY ("id");

-- ----------------------------
-- Auto increment value for auth_user_user_permissions
-- ----------------------------
SELECT setval('"public"."auth_user_user_permissions_id_seq"', 1, false);

-- ----------------------------
-- Indexes structure for table auth_user_user_permissions
-- ----------------------------
CREATE INDEX "auth_user_user_permissions_permission_id_1fbb5f2c" ON "public"."auth_user_user_permissions" USING btree (
  "permission_id" "pg_catalog"."int4_ops" ASC NULLS LAST
);
CREATE INDEX "auth_user_user_permissions_user_id_a95ead1b" ON "public"."auth_user_user_permissions" USING btree (
  "user_id" "pg_catalog"."int4_ops" ASC NULLS LAST
);

-- ----------------------------
-- Uniques structure for table auth_user_user_permissions
-- ----------------------------
ALTER TABLE "public"."auth_user_user_permissions" ADD CONSTRAINT "auth_user_user_permissions_user_id_permission_id_14a6b632_uniq" UNIQUE ("user_id", "permission_id");

-- ----------------------------
-- Primary Key structure for table auth_user_user_permissions
-- ----------------------------
ALTER TABLE "public"."auth_user_user_permissions" ADD CONSTRAINT "auth_user_user_permissions_pkey" PRIMARY KEY ("id");

-- ----------------------------
-- Auto increment value for django_admin_log
-- ----------------------------
SELECT setval('"public"."django_admin_log_id_seq"', 2, true);

-- ----------------------------
-- Indexes structure for table django_admin_log
-- ----------------------------
CREATE INDEX "django_admin_log_content_type_id_c4bce8eb" ON "public"."django_admin_log" USING btree (
  "content_type_id" "pg_catalog"."int4_ops" ASC NULLS LAST
);
CREATE INDEX "django_admin_log_user_id_c564eba6" ON "public"."django_admin_log" USING btree (
  "user_id" "pg_catalog"."int4_ops" ASC NULLS LAST
);

-- ----------------------------
-- Checks structure for table django_admin_log
-- ----------------------------
ALTER TABLE "public"."django_admin_log" ADD CONSTRAINT "django_admin_log_action_flag_check" CHECK (action_flag >= 0);

-- ----------------------------
-- Primary Key structure for table django_admin_log
-- ----------------------------
ALTER TABLE "public"."django_admin_log" ADD CONSTRAINT "django_admin_log_pkey" PRIMARY KEY ("id");

-- ----------------------------
-- Auto increment value for django_content_type
-- ----------------------------
SELECT setval('"public"."django_content_type_id_seq"', 9, true);

-- ----------------------------
-- Uniques structure for table django_content_type
-- ----------------------------
ALTER TABLE "public"."django_content_type" ADD CONSTRAINT "django_content_type_app_label_model_76bd3d3b_uniq" UNIQUE ("app_label", "model");

-- ----------------------------
-- Primary Key structure for table django_content_type
-- ----------------------------
ALTER TABLE "public"."django_content_type" ADD CONSTRAINT "django_content_type_pkey" PRIMARY KEY ("id");

-- ----------------------------
-- Auto increment value for django_migrations
-- ----------------------------
SELECT setval('"public"."django_migrations_id_seq"', 21, true);

-- ----------------------------
-- Primary Key structure for table django_migrations
-- ----------------------------
ALTER TABLE "public"."django_migrations" ADD CONSTRAINT "django_migrations_pkey" PRIMARY KEY ("id");

-- ----------------------------
-- Indexes structure for table django_session
-- ----------------------------
CREATE INDEX "django_session_expire_date_a5c62663" ON "public"."django_session" USING btree (
  "expire_date" "pg_catalog"."timestamptz_ops" ASC NULLS LAST
);
CREATE INDEX "django_session_session_key_c0390e0f_like" ON "public"."django_session" USING btree (
  "session_key" COLLATE "pg_catalog"."default" "pg_catalog"."varchar_pattern_ops" ASC NULLS LAST
);

-- ----------------------------
-- Primary Key structure for table django_session
-- ----------------------------
ALTER TABLE "public"."django_session" ADD CONSTRAINT "django_session_pkey" PRIMARY KEY ("session_key");

-- ----------------------------
-- Auto increment value for engine_module_installedmodule
-- ----------------------------
SELECT setval('"public"."engine_module_installedmodule_id_seq"', 3, true);

-- ----------------------------
-- Indexes structure for table engine_module_installedmodule
-- ----------------------------
CREATE INDEX "engine_module_installedmodule_name_d12d7dac_like" ON "public"."engine_module_installedmodule" USING btree (
  "name" COLLATE "pg_catalog"."default" "pg_catalog"."varchar_pattern_ops" ASC NULLS LAST
);

-- ----------------------------
-- Uniques structure for table engine_module_installedmodule
-- ----------------------------
ALTER TABLE "public"."engine_module_installedmodule" ADD CONSTRAINT "engine_module_installedmodule_name_key" UNIQUE ("name");

-- ----------------------------
-- Checks structure for table engine_module_installedmodule
-- ----------------------------
ALTER TABLE "public"."engine_module_installedmodule" ADD CONSTRAINT "engine_module_installedmodule_version_check" CHECK (version >= 0);

-- ----------------------------
-- Primary Key structure for table engine_module_installedmodule
-- ----------------------------
ALTER TABLE "public"."engine_module_installedmodule" ADD CONSTRAINT "engine_module_installedmodule_pkey" PRIMARY KEY ("id");

-- ----------------------------
-- Auto increment value for product_module_product
-- ----------------------------
SELECT setval('"public"."product_module_product_id_seq"', 21, true);

-- ----------------------------
-- Indexes structure for table product_module_product
-- ----------------------------
CREATE INDEX "product_module_product_barcode_0e292307_like" ON "public"."product_module_product" USING btree (
  "barcode" COLLATE "pg_catalog"."default" "pg_catalog"."varchar_pattern_ops" ASC NULLS LAST
);

-- ----------------------------
-- Uniques structure for table product_module_product
-- ----------------------------
ALTER TABLE "public"."product_module_product" ADD CONSTRAINT "product_module_product_barcode_key" UNIQUE ("barcode");

-- ----------------------------
-- Checks structure for table product_module_product
-- ----------------------------
ALTER TABLE "public"."product_module_product" ADD CONSTRAINT "product_module_product_stock_check" CHECK (stock >= 0);

-- ----------------------------
-- Primary Key structure for table product_module_product
-- ----------------------------
ALTER TABLE "public"."product_module_product" ADD CONSTRAINT "product_module_product_pkey" PRIMARY KEY ("id");

-- ----------------------------
-- Auto increment value for test_module_product
-- ----------------------------
SELECT setval('"public"."test_module_product_id_seq"', 1, false);

-- ----------------------------
-- Indexes structure for table test_module_product
-- ----------------------------
CREATE INDEX "test_module_product_barcode_e9396231_like" ON "public"."test_module_product" USING btree (
  "barcode" COLLATE "pg_catalog"."default" "pg_catalog"."varchar_pattern_ops" ASC NULLS LAST
);

-- ----------------------------
-- Uniques structure for table test_module_product
-- ----------------------------
ALTER TABLE "public"."test_module_product" ADD CONSTRAINT "test_module_product_barcode_key" UNIQUE ("barcode");

-- ----------------------------
-- Checks structure for table test_module_product
-- ----------------------------
ALTER TABLE "public"."test_module_product" ADD CONSTRAINT "test_module_product_stock_check" CHECK (stock >= 0);

-- ----------------------------
-- Primary Key structure for table test_module_product
-- ----------------------------
ALTER TABLE "public"."test_module_product" ADD CONSTRAINT "test_module_product_pkey" PRIMARY KEY ("id");

-- ----------------------------
-- Foreign Keys structure for table auth_group_permissions
-- ----------------------------
ALTER TABLE "public"."auth_group_permissions" ADD CONSTRAINT "auth_group_permissio_permission_id_84c5c92e_fk_auth_perm" FOREIGN KEY ("permission_id") REFERENCES "public"."auth_permission" ("id") ON DELETE NO ACTION ON UPDATE NO ACTION DEFERRABLE INITIALLY DEFERRED;
ALTER TABLE "public"."auth_group_permissions" ADD CONSTRAINT "auth_group_permissions_group_id_b120cbf9_fk_auth_group_id" FOREIGN KEY ("group_id") REFERENCES "public"."auth_group" ("id") ON DELETE NO ACTION ON UPDATE NO ACTION DEFERRABLE INITIALLY DEFERRED;

-- ----------------------------
-- Foreign Keys structure for table auth_permission
-- ----------------------------
ALTER TABLE "public"."auth_permission" ADD CONSTRAINT "auth_permission_content_type_id_2f476e4b_fk_django_co" FOREIGN KEY ("content_type_id") REFERENCES "public"."django_content_type" ("id") ON DELETE NO ACTION ON UPDATE NO ACTION DEFERRABLE INITIALLY DEFERRED;

-- ----------------------------
-- Foreign Keys structure for table auth_user_groups
-- ----------------------------
ALTER TABLE "public"."auth_user_groups" ADD CONSTRAINT "auth_user_groups_group_id_97559544_fk_auth_group_id" FOREIGN KEY ("group_id") REFERENCES "public"."auth_group" ("id") ON DELETE NO ACTION ON UPDATE NO ACTION DEFERRABLE INITIALLY DEFERRED;
ALTER TABLE "public"."auth_user_groups" ADD CONSTRAINT "auth_user_groups_user_id_6a12ed8b_fk_auth_user_id" FOREIGN KEY ("user_id") REFERENCES "public"."auth_user" ("id") ON DELETE NO ACTION ON UPDATE NO ACTION DEFERRABLE INITIALLY DEFERRED;

-- ----------------------------
-- Foreign Keys structure for table auth_user_user_permissions
-- ----------------------------
ALTER TABLE "public"."auth_user_user_permissions" ADD CONSTRAINT "auth_user_user_permi_permission_id_1fbb5f2c_fk_auth_perm" FOREIGN KEY ("permission_id") REFERENCES "public"."auth_permission" ("id") ON DELETE NO ACTION ON UPDATE NO ACTION DEFERRABLE INITIALLY DEFERRED;
ALTER TABLE "public"."auth_user_user_permissions" ADD CONSTRAINT "auth_user_user_permissions_user_id_a95ead1b_fk_auth_user_id" FOREIGN KEY ("user_id") REFERENCES "public"."auth_user" ("id") ON DELETE NO ACTION ON UPDATE NO ACTION DEFERRABLE INITIALLY DEFERRED;

-- ----------------------------
-- Foreign Keys structure for table django_admin_log
-- ----------------------------
ALTER TABLE "public"."django_admin_log" ADD CONSTRAINT "django_admin_log_content_type_id_c4bce8eb_fk_django_co" FOREIGN KEY ("content_type_id") REFERENCES "public"."django_content_type" ("id") ON DELETE NO ACTION ON UPDATE NO ACTION DEFERRABLE INITIALLY DEFERRED;
ALTER TABLE "public"."django_admin_log" ADD CONSTRAINT "django_admin_log_user_id_c564eba6_fk_auth_user_id" FOREIGN KEY ("user_id") REFERENCES "public"."auth_user" ("id") ON DELETE NO ACTION ON UPDATE NO ACTION DEFERRABLE INITIALLY DEFERRED;
